{
    "$schema": "http://schema.management.azure.com/schemas/2015-01-01/deploymentTemplate.json#",
    "contentVersion": "1.0.0.0",
    "parameters": {
        "factoryName": {
            "type": "string",
            "metadata": "Data Factory name",
            "defaultValue": "tokyo-olympics-dev"
        },
        "AzureDataLakeStorage1_accountKey": {
            "type": "secureString",
            "metadata": "Secure string for 'accountKey' of 'AzureDataLakeStorage1'"
        },
        "AtheltesHTTP_properties_typeProperties_url": {
            "type": "string",
            "defaultValue": "https://raw.githubusercontent.com/darshilparmar/tokyo-olympic-azure-data-engineering-project/main/data/Athletes.csv"
        },
        "AzureDataLakeStorage1_properties_typeProperties_url": {
            "type": "string",
            "defaultValue": "https://tokyoolympicsdatadev.dfs.core.windows.net/"
        },
        "CoachesHTTP_properties_typeProperties_url": {
            "type": "string",
            "defaultValue": "https://raw.githubusercontent.com/darshilparmar/tokyo-olympic-azure-data-engineering-project/main/data/Coaches.csv"
        },
        "EntriesGenderHTTP_properties_typeProperties_url": {
            "type": "string",
            "defaultValue": "https://raw.githubusercontent.com/darshilparmar/tokyo-olympic-azure-data-engineering-project/main/data/EntriesGender.csv"
        },
        "MedalsHTTP_properties_typeProperties_url": {
            "type": "string",
            "defaultValue": "https://raw.githubusercontent.com/darshilparmar/tokyo-olympic-azure-data-engineering-project/main/data/Medals.csv"
        },
        "TeamsHTTP_properties_typeProperties_url": {
            "type": "string",
            "defaultValue": "https://raw.githubusercontent.com/darshilparmar/tokyo-olympic-azure-data-engineering-project/main/data/Teams.csv"
        },
        "containerUri": {
            "type": "string",
            "metadata": "URI to storage account containing linked ARM templates"
        },
        "containerSasToken": {
            "type": "string",
            "metadata": "Sas token to storage account containing linked ARM templates"
        }
    },
    "variables": {
        "factoryId": "[concat('Microsoft.DataFactory/factories/', parameters('factoryName'))]"
    },
    "resources": [
        {
            "name": "tokyo-olympics-dev_ArmTemplate_0",
            "type": "Microsoft.Resources/deployments",
            "apiVersion": "2024-03-01",
            "properties": {
                "mode": "incremental",
                "templateLink": {
                    "uri": "[concat(parameters('containerUri'), '/ArmTemplate_0.json', parameters('containerSasToken'))]",
                    "contentVersion": "1.0.0.0"
                },
                "parameters": {
                    "factoryName": {
                        "value": "[parameters('factoryName')]"
                    },
                    "AzureDataLakeStorage1_accountKey": {
                        "value": "[parameters('AzureDataLakeStorage1_accountKey')]"
                    },
                    "AtheltesHTTP_properties_typeProperties_url": {
                        "value": "[parameters('AtheltesHTTP_properties_typeProperties_url')]"
                    },
                    "AzureDataLakeStorage1_properties_typeProperties_url": {
                        "value": "[parameters('AzureDataLakeStorage1_properties_typeProperties_url')]"
                    },
                    "CoachesHTTP_properties_typeProperties_url": {
                        "value": "[parameters('CoachesHTTP_properties_typeProperties_url')]"
                    },
                    "EntriesGenderHTTP_properties_typeProperties_url": {
                        "value": "[parameters('EntriesGenderHTTP_properties_typeProperties_url')]"
                    },
                    "MedalsHTTP_properties_typeProperties_url": {
                        "value": "[parameters('MedalsHTTP_properties_typeProperties_url')]"
                    },
                    "TeamsHTTP_properties_typeProperties_url": {
                        "value": "[parameters('TeamsHTTP_properties_typeProperties_url')]"
                    }
                }
            },
            "dependsOn": []
        }
    ]
}