{
    "$schema": "https://schema.management.azure.com/schemas/2015-01-01/deploymentParameters.json#",
    "contentVersion": "1.0.0.0",
    "parameters": {
        "factoryName": {
            "value": "tokyo-olympics-dev"
        },
        "AzureDataLakeStorage1_accountKey": {
            "value": ""
        },
        "AtheltesHTTP_properties_typeProperties_url": {
            "value": "https://raw.githubusercontent.com/darshilparmar/tokyo-olympic-azure-data-engineering-project/main/data/Athletes.csv"
        },
        "AzureDataLakeStorage1_properties_typeProperties_url": {
            "value": "https://tokyoolympicsdatadev.dfs.core.windows.net/"
        },
        "CoachesHTTP_properties_typeProperties_url": {
            "value": "https://raw.githubusercontent.com/darshilparmar/tokyo-olympic-azure-data-engineering-project/main/data/Coaches.csv"
        },
        "EntriesGenderHTTP_properties_typeProperties_url": {
            "value": "https://raw.githubusercontent.com/darshilparmar/tokyo-olympic-azure-data-engineering-project/main/data/EntriesGender.csv"
        },
        "MedalsHTTP_properties_typeProperties_url": {
            "value": "https://raw.githubusercontent.com/darshilparmar/tokyo-olympic-azure-data-engineering-project/main/data/Medals.csv"
        },
        "TeamsHTTP_properties_typeProperties_url": {
            "value": "https://raw.githubusercontent.com/darshilparmar/tokyo-olympic-azure-data-engineering-project/main/data/Teams.csv"
        }
    }
}